Source ID,Class,Source,URL,Applied to,Boundary
R01,User direction,Current request,,"Kulhad split, laser-marked Terre, mixed-material Forge, strip/serrated knife concepts",Concept direction; not a verified product claim.
R02,Reference brand,Made In craftsmanship and collection architecture,https://made-in-cookware.com/craftsmanship,"Material-led line logic, professional tool classes, maker/process narrative",Reference class only; no Made In specification is attributed to Maison Tavo.
R03,Reference brand,Made In Complete Kitchen Set,https://madeincookware.com/products/the-stainless-sets/curated-kitchen,Cookware + knives + tabletop breadth,"Used to shape catalogue adjacency, not copy products."
R04,Process reference,Ceramic laser engraving guide,https://www.thunderlaser.com/material-application/ceramic.html,Laser-marked Terre concepts,Confirms feasibility classes only; actual glaze/process settings require testing.
R05,Product reference,Removable ceramic insert travel mug,https://roamwildproducts.co.uk/products/roamwild-cerami-travel-mug,Replaceable mixed-material kulhad architecture,"Reference proves removable insert class, not Maison Tavo performance."
R06,Knife reference,Dexter scalloped cook’s knife,https://dexter1818.com/sani-safe-scalloped-cook-s-knife/,Chef-format serrated reference class,Supports use-class; Maison Tavo geometry remains speculative.
R07,Knife reference,Kyocera micro-serrated knives,https://cutlery.kyocera.com/,Fine serration task logic,Ceramic blade reference only; proposed Maison Tavo blades are metal.
R08,Shopify,Product CSV guide,https://help.shopify.com/en/manual/products/import-export/using-csv,Import structure and product-level fields,Template headers preserved exactly.
R09,Shopify,Standard Product Taxonomy,https://shopify.github.io/product-taxonomy/releases/2026-08/,Product category breadcrumbs,Categories verified against current public taxonomy.
