SKU,URL handle,Lineup,Reference class,Concept thesis,Material architecture,Food-contact strategy,Proposed fabrication route,Interaction / performance intent,Care hypothesis,Engineering risks,Required prototype tests,Agent intents,Negative constraints,Benchmark logic,Claim status
MT-TER-KUL-140,ardh-metal-lined-kulhad,Terre Clay,hybrid hospitality drinkware,Separate expressive shell from hygienic drink interface.,Lower high-fired earthenware shell + removable thin 18/8 stainless liner + isolated junction.,Stainless liner is the intended food-contact surface; rim must avoid exposed adhesive or moisture traps.,Slip-cast or press-mould shell; drawn/spun liner; dry seat or food-safe isolation ring; laser mark only after glaze trials.,"140 ml chai portion, stackable only if liner/rim geometry protects clay, replaceable insert.",Separate components; hand wash initial prototype.,Differential thermal expansion; trapped moisture; hot rim; clay chipping; crevice hygiene.,Thermal cycling; hot-fill; rim temperature; drop; liner extraction; migration; commercial wash; crevice cleanability.,chai service; reusable kulhad; mixed-material cup; tasting vessel,microwave use; guaranteed dishwasher safe; disposable earthenware,"Hybrid cup references prove mixed ceramic/metal systems, but this inverted architecture needs original testing.",CONCEPT_SPEC
MT-TER-KUL-C180,ardh-clay-lined-kulhad,Terre Clay,modular hospitality drinkware,Make breakage replaceable while preserving a clay lip and beverage surface.,Glazed/vitrified earthenware upper bowl + spun stainless lower chassis + reversible retained joint.,Clay/glaze contacts beverage; metal is external support.,High-fire clay insert; spun metal chassis; gasket or captive mechanical ring; inspect joint for drainage.,180 ml chai/lassi tasting service; replaceable clay insert; stable weighted base.,Disassemble to wash; no microwave; dishwasher only after validation.,Glaze migration; chip at waist; water ingress; retention failure; thermal expansion.,Lead/cadmium migration; thermal shock; component pull-out; drop; 500 wash cycles; drainage and drying.,clay-lined cup; replacement insert; chai service; modular drinkware,microwave safe; monolithic cup; disposable kulhad,"Reference class: removable ceramic insert travelware, translated into a low, handleless hospitality format.",CONCEPT_SPEC
MT-TER-PLT-34,rekha-laser-marked-serving-platter,Terre Clay,laser-marked ceramic tabletop,"Use laser marking as permanent ornament, identity and provenance layer.",High-fired stoneware body; tested glaze field; unmarked food-contact zone until validated.,Glaze/body must pass migration and cleanability testing after marking.,Create flat and curved coupons across glaze variants; map power/speed; inspect under magnification; wash-cycle before vessel trial.,34 cm shared-service platter; low rim; pattern remains tactile but cleanable.,Non-abrasive wash; commercial dishwasher status pending.,Micro-cracks; glaze flaking; stain capture; inconsistent contrast; curvature focus error.,Microscopy; dye penetrant; cutlery abrasion; 500 wash cycles; stain; lead/cadmium migration post-marking.,laser-etched platter; ceramic serveware; provenance-marked tableware,assumed dishwasher safe; deep engraving on food surface,"Ceramic marking is feasible, but laser settings are glaze-specific and cannot be copied as universal production parameters.",CONCEPT_SPEC
MT-TER-BWL-220,rekha-laser-marked-chai-bowl,Terre Clay,personalised hospitality drinkware,"Create permanent, serialisable decoration without decals.",High-fired stoneware cup; glazed interior; controlled exterior marking band.,Interior remains unmarked glaze; exterior mark must not undermine lip or grip.,Laser-test cylindrical coupons using rotary fixture and dynamic focus; mark after glaze only if crack-free.,220 ml handleless cup; exterior traceability and venue edition layer.,Hand wash initial prototype; dishwasher after cycle validation.,Curved-focus variation; micro-cracking; mark roughness; code readability after washing.,Microscopy; thermal cycling; code scan after 500 washes; stain and abrasion.,personalised chai bowl; laser-marked cup; hospitality edition,microwave/dishwasher claims before testing,"Permanent ceramic marking supports serialisation, but the decorative process itself is not the safety proof.",CONCEPT_SPEC
MT-FOR-RLY-26,forge-relay-dual-mass-skillet,Forge Hybrid,modular mixed-metal cookware,Switch between fast response and thermal mass through a removable component.,Thin nitrided carbon-steel vessel + removable non-food-contact bronze thermal ring + steel handle.,Carbon steel is intended food-contact surface; ring must remain external.,Deep-draw/spin carbon body; nitride or season; cast/machine ring; positive mechanical lock with cold-state removal only.,Direct induction/gas pan; 26 cm general searing; ring supports table retention.,Hand wash; dry and oil steel; remove ring before washing.,Ring movement; burn hazard; galvanic contact; trapped moisture; induction coupling change.,Hob response; ring retention; handle temperature; thermal map; corrosion; drop; 1000 attach cycles.,modular skillet; high-heat searing; table-service pan; mixed-metal cookware,dishwasher safe; remove ring hot; nonstick coating,Made In separates materials by task; this concept extends that logic inside one reconfigurable product.,CONCEPT_SPEC
MT-FOR-PLN-46,forge-split-field-plancha,Forge Hybrid,split-function cookware,"Map material to task across one product: sear, rest and serve.",Nitrided carbon-steel griddle + cast-bronze service mass + removable stainless food tray.,Steel griddle and stainless tray contact food; bronze does not.,Laser-cut/form steel; cast/machine bronze block; sliding expansion joint; drawn stainless tray.,Twin-burner use; restaurant tableside workflow; separate raw/cooked zones by removable tray.,Disassemble; hand wash steel; tray dishwasher target pending.,Warping; differential expansion; cross-contamination; weight; hot handles; uneven induction.,Flatness thermal cycle; two-zone mapping; load deflection; tray cleanability; lift ergonomics.,plancha; twin burner; tableside searing; mixed material griddle,single-burner; dishwasher-safe assembly; direct bronze food contact,"Inspired by material-specialist ranges, but differentiated through spatially assigned material functions.",CONCEPT_SPEC
MT-HYB-RST-34,forge-terre-nested-roaster,Forge × Terre,nested oven-to-table cookware,Separate thermal cooking performance from tactile table presentation.,Fully-clad stainless roasting insert + non-hob ceramic cradle + insulating contact points.,Stainless insert contacts food; cradle is support only.,Form clad insert; high-fire cradle to tolerance; laser mark exterior; create drainage and lift clearances.,"Oven roast, deglaze insert on induction, dock at table.",Insert dishwasher target; cradle hand wash; never heat empty cradle on hob.,Tolerance drift; hot insertion shock; trapped grease; user places cradle on hob; weight.,Docking thermal shock; 500 dock cycles; spill drainage; induction insert flatness; drop and lift.,oven-to-table roaster; removable insert; mixed-material serveware,ceramic cradle on hob; monolithic cookware; microwave use,Expands Made In’s cookware-to-tabletop breadth by making the interface itself the product thesis.,CONCEPT_SPEC
MT-KUR-STR-200,kuro-strip-200-chefs-knife,Kuro Strip,integral metal-frame knife,Turn full-tang logic into a visible continuous structural strip.,Single nitrogen-treated stainless or alternative steel strip target + removable high-temperature grip sleeve.,Blade is food contact; open frame must not create inaccessible soil traps.,Laser-cut blank; forge/grind blade zone; bend/form handle loop if metallurgy permits; heat treat; finish; sleeve mould.,Thin 200 mm blade; neutral pinch grip; replaceable sleeve; no decorative Damascus dependency.,Hand wash; remove sleeve only for deep service per final design.,Handle fatigue; edge hardness vs bendability conflict; soil traps; hot/cold feel; balance.,FEA and bend fatigue; torque; balance; grip slip; cleanability; edge retention; corrosion.,thin chef knife; all-metal knife; replaceable grip; precision prep,bones; frozen food; dishwasher before validation,Made In uses single-rod full-tang forging; this reframes continuity as an exposed strip architecture rather than hidden tang construction.,CONCEPT_SPEC
MT-KUR-TRC-180,kuro-trace-180-hybrid-edge-knife,Kuro Strip,hybrid-edge chef-format knife,Combine skin-gripping serration with a sharpenable board-contact heel.,Thin high-carbon stainless blade target; 120 mm shallow micro-scalloped field + 60 mm plain heel + continuous metal strip handle.,Blade contact only; serrations must be cleanable and corrosion-resistant.,Laser-cut/forged blank; grind distal taper; CNC or wheel-grind repeatable scallops; deburr and passivate; removable grip sleeve.,"Tomatoes, citrus, sandwiches, pastry and boneless proteins; limited chopping at heel.",Hand wash; specialist serration service; plain heel whetstone-compatible.,Steering in cut; difficult sharpening; fragile teeth; poor rocking transition; handed bias.,Cut-force comparison; slice deviation; 10k-cycle edge retention; serration cleaning; resharpen trial; user ergonomics.,serrated chef knife; tomato knife; hybrid edge; thin slicer,bone; frozen food; heavy rocking; universal never-sharpen claim,"Professional serrated cook knives exist, but the hybrid edge should be positioned as a specialised chef-format slicer, not an all-purpose replacement.",CONCEPT_SPEC
MT-KUR-UTL-150,kuro-trace-150-micro-scalloped-utility-knife,Kuro Strip,micro-scalloped utility knife,Create low-force skin entry in a compact prep format.,Thin high-carbon stainless blade target + fine scallops + continuous strip frame + removable grip web.,Stainless blade target; open frame and sleeve interface must be fully cleanable.,"Blank, heat treat, precision scallop grind, passivation, frame forming, removable sleeve.","Tomato, citrus, sandwich, pastry and cooked sausage slicing.",Hand wash; specialist sharpening.,Right/left bias; tooth damage; hard-to-sharpen edge; crumb retention.,Cut force; steering; hygiene swab; abrasion; regrind feasibility; 8-hour fatigue trial.,utility knife; tomato knife; breakfast station; sandwich prep,bone; frozen foods; hard squash; plain-edge chopping,Serrated utility knives are an established reference class; differentiation lies in exposed strip construction and hospitality-specific data.,CONCEPT_SPEC
MT-HYB-TNG-24,forge-terre-service-tongs,Forge × Terre,mixed-material serving utensil,Put resilient metal at the food interface and expressive clay at the hand interface.,Continuous spring steel body + removable high-fired ceramic thumb pads.,Steel tips contact food; pads remain outside contact zone.,Laser-cut/bend spring strip; high-fire pad pair; mechanical snap carrier; exterior laser marking.,"Bread, pastry and garnish service; 24 cm table scale.",Remove pads for cleaning until washability validated.,Pad chip; detachment; crevice soil; spring fatigue; thermal transfer.,100k flex cycles; pad drop; retention; commercial wash; food soil swab.,serving tongs; pastry tongs; mixed-material utensil,grill use; heavy lifting; dishwasher claim,Extends a material-specialist catalogue into small tools while keeping each material’s function explicit.,CONCEPT_SPEC
